review_text,sentiment
i love this product it works perfectly,positive
absolutely fantastic quality and service,positive
very happy with the purchase,positive
great experience would buy again,positive
excellent product highly recommended,positive
amazing performance and value,positive
satisfied with quality and delivery,positive
works exactly as advertised,positive
customer support was very helpful,positive
this is the best purchase i have made,positive
this product is okay not great not bad,neutral
average quality nothing special,neutral
it works but has some issues,neutral
neither good nor bad experience,neutral
product meets basic expectations,neutral
decent but could be improved,neutral
acceptable quality for the price,neutral
nothing impressive but usable,neutral
fine for occasional use,neutral
okayish experience overall,neutral
worst product i have ever bought,negative
very disappointed with the quality,negative
terrible experience waste of money,negative
does not work as expected at all,negative
extremely poor build quality,negative
bad experience will not recommend,negative
product stopped working in two days,negative
customer service was terrible,negative
totally useless and overpriced,negative
highly dissatisfied with this product,negative
i am happy with the fast delivery,positive
packaging was good and product works well,positive
average packaging but product is decent,neutral
late delivery and damaged box,negative
the item arrived broken,negative
very smooth and reliable performance,positive
not worth the price paid,negative
okay product but slow response,neutral
loved the design and usability,positive
disappointed with the overall experience,negative
